Tanggal,Waktu,Suhu (C),Kelembaban (%),Unnamed: 4,Produksi (unit),Unnamed: 6,Konsumsi Energi (kWh),Unnamed: 8,Unnamed: 9,Emisi Karbon (ton),Unnamed: 11,Konsumsi Air (m3),Prediksi Kebutuhan Energi (kWh)
5/21/2024,7:00,25,60,,1000,,250,,,0.5,,20,236.04651162790697
5/21/2024,8:00,26,50,,1200,,300,,,0.6,,25,323.25581395348854
5/21/2024,9:00,27,30,,1300,,400,,,0.7,,30,377.90697674418607
5/21/2024,10:00,28,40,,2000,,500,,,0.8,,28,530.2325581395353
5/21/2024,11:00,29,50,,1500,,700,,,0.9,,27,682.558139534884
